Model,MAE,RMSE,MAPE,SMAPE,MSE
Chronos T5-Large,0.019751957916269946,0.02886482096343356,10.247327342156606,10.905896057857445,0.0008331778892510735
